,Unnamed: 0,vaccine,causal_estimate,ci_low,ci_high,test_passed
0,0,pfizer,-3017.800000000001,-3497.5,-2538.1,True
0,0,moderna,-3015.300000000001,-3495.01,-2535.59,True
0,0,az,-2459.7000000000016,-2945.37,-1974.03,True
