,causal_estimate,confidence_intervals,test_passed
0,-2459.7000000000003,-2945.37,True
1,-2459.7000000000003,-1974.03,True
